Date,Adj Close,Close,High,Low,Open,Volume
0,15.953855514526367,18.260000228881836,18.290000915527344,17.780000686645508,17.959999084472656,2832700.0
1,15.901432991027832,18.200000762939453,18.3700008392334,17.920000076293945,18.290000915527344,3789200.0
2,16.00627899169922,18.31999969482422,18.3799991607666,17.959999084472656,18.200000762939453,2781300.0
3,16.320812225341797,18.68000030517578,18.729999542236328,18.219999313354492,18.3799991607666,3019000.0
4,16.80135154724121,19.229999542236328,19.399999618530273,18.799999237060547,18.799999237060547,3668400.0
5,17.080936431884766,19.549999237060547,19.75,19.309999465942383,19.309999465942383,3662600.0
6,17.19451904296875,19.68000030517578,19.920000076293945,19.329999923706055,19.389999389648438,4012800.0
7,17.43915557861328,19.959999084472656,20.309999465942383,19.770000457763672,19.920000076293945,4213100.0
8,15.517005920410156,17.760000228881836,18.540000915527344,17.6299991607666,18.5,15445800.0
9,14.992779731750488,17.15999984741211,18.280000686645508,17.040000915527344,18.0,7852500.0
10,15.289840698242188,17.5,17.709999084472656,17.170000076293945,17.239999771118164,4259700.0
11,15.604373931884766,17.860000610351562,17.93000030517578,17.209999084472656,17.469999313354492,4265700.0
12,15.8402738571167,18.1299991607666,18.18000030517578,17.75,17.889999389648438,3194000.0
13,15.333526611328125,17.549999237060547,18.270000457763672,17.469999313354492,18.219999313354492,5234800.0
14,15.202467918395996,17.399999618530273,17.56999969482422,17.170000076293945,17.520000457763672,3628500.0
15,14.835512161254883,16.979999542236328,17.450000762939453,16.729999542236328,17.399999618530273,4073900.0
16,14.71319580078125,16.84000015258789,17.040000915527344,16.610000610351562,16.979999542236328,2701800.0
17,14.90540885925293,17.059999465942383,17.09000015258789,16.610000610351562,16.860000610351562,3348800.0
18,14.98404312133789,17.149999618530273,17.200000762939453,16.799999237060547,17.049999237060547,3154700.0
19,14.91414737701416,17.06999969482422,17.219999313354492,16.860000610351562,17.079999923706055,1886000.0
20,14.686983108520508,16.809999465942383,17.270000457763672,16.700000762939453,17.139999389648438,2749200.0
21,14.555928230285645,16.65999984741211,17.010000228881836,16.56999969482422,16.700000762939453,2937100.0
22,14.180234909057617,16.229999542236328,16.65999984741211,16.219999313354492,16.559999465942383,3253500.0
23,13.673484802246094,15.649999618530273,16.219999313354492,15.640000343322754,16.139999389648438,4131100.0
24,14.10159969329834,16.139999389648438,16.3799991607666,15.100000381469727,15.359999656677246,4962200.0
25,14.389923095703125,16.469999313354492,16.670000076293945,16.149999618530273,16.15999984741211,4413500.0
26,13.8307523727417,15.829999923706055,16.549999237060547,15.760000228881836,16.450000762939453,4286700.0
27,14.127812385559082,16.170000076293945,16.329999923706055,15.670000076293945,15.979999542236328,5640900.0
28,13.80454158782959,15.800000190734863,16.329999923706055,15.619999885559082,16.290000915527344,2431800.0
29,13.612326622009277,15.579999923706055,15.859999656677246,15.489999771118164,15.760000228881836,2463900.0
30,14.171497344970703,16.219999313354492,16.399999618530273,15.529999732971191,15.579999923706055,3215900.0
31,14.337501525878906,16.40999984741211,16.5,16.239999771118164,16.299999237060547,2263100.0
32,14.328764915466309,16.399999618530273,16.969999313354492,16.25,16.520000457763672,2706100.0
33,13.856963157653809,15.859999656677246,16.31999969482422,15.779999732971191,16.299999237060547,2489800.0
34,13.708433151245117,15.6899995803833,16.209999084472656,15.65999984741211,15.899999618530273,3031200.0
35,13.6472749710083,15.619999885559082,15.930000305175781,15.569999694824219,15.8100004196167,2452200.0
36,13.953071594238281,15.970000267028809,15.989999771118164,15.670000076293945,15.789999961853027,2580300.0
37,14.049179077148438,16.079999923706055,16.100000381469727,15.84000015258789,16.0,2771200.0
38,13.603589057922363,15.569999694824219,16.59000015258789,15.569999694824219,16.100000381469727,4474000.0
39,13.708433151245117,15.6899995803833,15.949999809265137,15.579999923706055,15.649999618530273,4737000.0
40,13.953071594238281,15.970000267028809,16.229999542236328,15.760000228881836,15.789999961853027,3132500.0
41,14.257372856140137,15.930000305175781,15.989999771118164,15.380000114440918,15.5600004196167,3553900.0
42,14.364771842956543,16.049999237060547,16.110000610351562,15.680000305175781,15.869999885559082,4236100.0
43,14.3737211227417,16.059999465942383,16.170000076293945,15.800000190734863,16.049999237060547,2667600.0
44,14.26632022857666,15.9399995803833,16.170000076293945,15.84000015258789,15.850000381469727,2989400.0
45,13.997821807861328,15.640000343322754,16.049999237060547,15.479999542236328,15.949999809265137,2974400.0
46,14.185771942138672,15.850000381469727,15.890000343322754,15.510000228881836,15.6899995803833,3969900.0
47,13.91727066040039,15.550000190734863,16.010000228881836,15.5,15.850000381469727,3878600.0
48,13.97097110748291,15.609999656677246,16.010000228881836,15.579999923706055,15.630000114440918,2891500.0
49,13.836721420288086,15.460000038146973,15.819999694824219,15.430000305175781,15.720000267028809,2518100.0
50,13.702470779418945,15.3100004196167,15.619999885559082,15.260000228881836,15.5,1867000.0
51,13.800920486450195,15.420000076293945,15.65999984741211,15.319999694824219,15.34000015258789,5084000.0
52,13.254971504211426,14.8100004196167,15.40999984741211,14.760000228881836,15.239999771118164,3976100.0
53,12.950669288635254,14.470000267028809,14.949999809265137,14.350000381469727,14.819999694824219,4284000.0
54,12.547919273376465,14.020000457763672,14.449999809265137,14.010000228881836,14.3100004196167,4411200.0
55,12.37786865234375,13.829999923706055,14.09000015258789,13.59000015258789,13.9399995803833,4442300.0
56,12.082518577575684,13.5,13.9399995803833,13.489999771118164,13.920000076293945,3811400.0
57,12.565818786621094,14.039999961853027,14.09000015258789,13.59000015258789,13.699999809265137,5015700.0
58,12.422618865966797,13.880000114440918,14.210000038146973,13.770000457763672,14.069999694824219,4480900.0
59,12.664268493652344,14.149999618530273,14.3100004196167,13.8100004196167,14.0,7634000.0
60,11.294916152954102,12.619999885559082,13.0,12.199999809265137,12.649999618530273,25461800.0
61,11.473917961120605,12.819999694824219,13.279999732971191,12.5,12.510000228881836,11130000.0
62,11.643967628479004,13.010000228881836,13.130000114440918,12.600000381469727,12.640000343322754,5747200.0
63,11.939318656921387,13.34000015258789,13.479999542236328,12.710000038146973,12.819999694824219,6383800.0
64,12.136219024658203,13.5600004196167,13.630000114440918,13.270000457763672,13.350000381469727,5140600.0
65,12.019868850708008,13.430000305175781,13.65999984741211,13.239999771118164,13.420000076293945,4238300.0
66,12.064618110656738,13.479999542236328,13.760000228881836,13.430000305175781,13.510000228881836,5703600.0
67,12.243618965148926,13.680000305175781,13.859999656677246,13.510000228881836,13.680000305175781,5788600.0
68,12.386818885803223,13.84000015258789,13.979999542236328,13.600000381469727,13.619999885559082,4284000.0
69,12.198867797851562,13.630000114440918,13.869999885559082,13.470000267028809,13.859999656677246,3114400.0
70,12.180967330932617,13.609999656677246,13.9399995803833,13.550000190734863,13.729999542236328,3188700.0
71,12.359969139099121,13.8100004196167,13.899999618530273,13.600000381469727,13.729999542236328,3227700.0
72,12.476319313049316,13.9399995803833,14.180000305175781,13.84000015258789,13.890000343322754,4288900.0
73,12.225717544555664,13.65999984741211,14.029999732971191,13.600000381469727,13.989999771118164,3573300.0
74,12.100418090820312,13.520000457763672,13.779999732971191,13.449999809265137,13.65999984741211,2507400.0
75,11.527616500854492,12.880000114440918,13.539999961853027,12.8100004196167,13.470000267028809,6200800.0
76,11.814017295837402,13.199999809265137,13.350000381469727,12.899999618530273,12.899999618530273,3692900.0
77,12.001967430114746,13.40999984741211,13.640000343322754,13.119999885559082,13.289999961853027,3613600.0
78,12.046717643737793,13.460000038146973,13.630000114440918,13.289999961853027,13.350000381469727,3647100.0
79,12.234668731689453,13.670000076293945,13.880000114440918,13.449999809265137,13.600000381469727,3212000.0
80,12.404718399047852,13.859999656677246,13.90999984741211,13.600000381469727,13.680000305175781,2500600.0
81,12.216769218444824,13.649999618530273,14.0,13.5600004196167,13.970000267028809,3151900.0
82,12.395769119262695,13.850000381469727,13.890000343322754,13.470000267028809,13.579999923706055,2409700.0
83,12.037768363952637,13.449999809265137,13.869999885559082,13.350000381469727,13.859999656677246,3181800.0
84,11.482867240905762,12.829999923706055,13.489999771118164,12.800000190734863,13.420000076293945,5091400.0
85,11.635017395019531,13.0,13.079999923706055,12.739999771118164,12.829999923706055,4903100.0
86,11.536567687988281,12.890000343322754,13.029999732971191,12.779999732971191,13.020000457763672,3118500.0
87,11.447067260742188,12.789999961853027,12.9399995803833,12.550000190734863,12.84000015258789,3839000.0
88,11.572367668151855,12.930000305175781,12.960000038146973,12.609999656677246,12.819999694824219,3752900.0
89,11.661867141723633,13.029999732971191,13.199999809265137,12.880000114440918,12.960000038146973,3118500.0
90,11.375466346740723,12.710000038146973,12.84000015258789,12.470000267028809,12.600000381469727,5507400.0
91,11.867718696594238,13.260000228881836,13.479999542236328,12.609999656677246,12.6899995803833,5907400.0
92,12.091468811035156,13.510000228881836,13.609999656677246,13.229999542236328,13.25,3790200.0
93,12.12726879119873,13.550000190734863,13.880000114440918,13.329999923706055,13.75,6738500.0
94,12.189918518066406,13.619999885559082,13.770000457763672,13.479999542236328,13.5,2912000.0
95,11.151717185974121,12.460000038146973,13.529999732971191,12.260000228881836,13.529999732971191,10236900.0
96,11.438117027282715,12.779999732971191,12.890000343322754,12.489999771118164,12.520000457763672,5065700.0
97,11.339667320251465,12.670000076293945,12.90999984741211,12.539999961853027,12.779999732971191,4542400.0
98,11.384417533874512,12.720000267028809,12.75,12.4399995803833,12.539999961853027,3160100.0
99,11.40231704711914,12.739999771118164,12.779999732971191,12.449999809265137,12.579999923706055,3077000.0
100,11.339667320251465,12.670000076293945,12.800000190734863,12.579999923706055,12.760000228881836,2444000.0
101,11.679767608642578,13.050000190734863,13.109999656677246,12.550000190734863,12.579999923706055,4240700.0
102,12.010918617248535,13.420000076293945,13.600000381469727,12.890000343322754,13.100000381469727,4991300.0
103,11.814017295837402,13.199999809265137,13.59000015258789,12.970000267028809,13.479999542236328,6489200.0
104,12.2794189453125,13.720000267028809,13.720000267028809,12.789999961853027,12.800000190734863,25824000.0
105,12.744818687438965,14.239999771118164,14.25,13.4399995803833,13.789999961853027,7296600.0
106,13.06701946258545,14.600000381469727,14.649999618530273,14.0,14.239999771118164,5696500.0
107,12.905920028686523,14.420000076293945,14.6899995803833,14.25,14.680000305175781,5148600.0
108,12.9685697555542,14.489999771118164,14.649999618530273,14.369999885559082,14.5,3213500.0
109,13.004368782043457,14.529999732971191,14.619999885559082,14.40999984741211,14.529999732971191,5031000.0
110,13.133034706115723,14.289999961853027,14.329999923706055,14.0600004196167,14.149999618530273,4717800.0
111,12.912466049194336,14.050000190734863,14.369999885559082,14.050000190734863,14.319999694824219,3384100.0
112,12.25075912475586,13.329999923706055,13.970000267028809,13.050000190734863,13.970000267028809,8824100.0
113,11.809622764587402,12.850000381469727,13.319999694824219,12.699999809265137,13.300000190734863,7532200.0
114,12.829752922058105,13.960000038146973,14.359999656677246,12.760000228881836,12.760000228881836,13142700.0
115,13.969358444213867,15.199999809265137,15.779999732971191,13.369999885559082,13.949999809265137,23788900.0
116,14.474828720092773,15.75,15.760000228881836,15.100000381469727,15.350000381469727,10140600.0
117,14.438067436218262,15.710000038146973,15.8100004196167,15.319999694824219,15.779999732971191,5164200.0
118,14.272640228271484,15.529999732971191,15.979999542236328,15.489999771118164,15.8100004196167,3563100.0
119,14.263449668884277,15.520000457763672,15.6899995803833,15.109999656677246,15.550000190734863,9577200.0
120,13.88664436340332,15.109999656677246,15.720000267028809,14.9399995803833,15.40999984741211,2684700.0
121,13.757979393005371,14.970000267028809,15.199999809265137,14.6899995803833,15.1899995803833,2697500.0
122,13.417936325073242,14.600000381469727,15.170000076293945,14.579999923706055,15.0,2255700.0
123,13.67526626586914,14.880000114440918,14.890000343322754,14.489999771118164,14.59000015258789,1905200.0
124,13.390365600585938,14.569999694824219,15.069999694824219,14.510000228881836,14.989999771118164,3401100.0
125,13.013559341430664,14.15999984741211,14.699999809265137,14.029999732971191,14.59000015258789,3723300.0
126,12.912466049194336,14.050000190734863,14.3100004196167,14.0,14.170000076293945,1289300.0
127,13.445507049560547,14.630000114440918,14.699999809265137,14.039999961853027,14.079999923706055,4721800.0
128,13.923405647277832,15.149999618530273,15.229999542236328,14.640000343322754,14.670000076293945,4051100.0
129,14.217497825622559,15.470000267028809,15.630000114440918,15.170000076293945,15.569999694824219,3919500.0
130,13.656885147094727,14.859999656677246,15.539999961853027,14.8100004196167,15.529999732971191,2916700.0
131,13.509839057922363,14.699999809265137,14.829999923706055,14.460000038146973,14.770000457763672,2287700.0
132,13.868265151977539,15.09000015258789,15.119999885559082,14.739999771118164,14.75,1925900.0
133,14.042881965637207,15.279999732971191,15.460000038146973,14.989999771118164,14.989999771118164,2332200.0
134,13.987738609313965,15.220000267028809,15.380000114440918,15.0600004196167,15.270000457763672,1806500.0
135,13.399556159973145,14.579999923706055,15.420000076293945,14.539999961853027,15.170000076293945,3045100.0
136,13.399556159973145,14.579999923706055,14.649999618530273,14.319999694824219,14.600000381469727,2049700.0
137,13.712027549743652,14.920000076293945,15.029999732971191,14.5,14.579999923706055,1728400.0
138,13.859073638916016,15.079999923706055,15.210000038146973,14.880000114440918,14.90999984741211,2147900.0
139,13.684456825256348,14.890000343322754,15.09000015258789,14.779999732971191,15.050000190734863,1833800.0
140,13.583362579345703,14.779999732971191,14.979999542236328,14.65999984741211,14.979999542236328,1542600.0
141,13.335223197937012,14.510000228881836,14.699999809265137,14.25,14.6899995803833,3345000.0
142,13.610934257507324,14.8100004196167,15.039999961853027,14.5,14.510000228881836,1689200.0
143,13.629315376281738,14.829999923706055,14.970000267028809,14.550000190734863,14.90999984741211,1414500.0
144,13.509839057922363,14.699999809265137,14.979999542236328,14.59000015258789,14.880000114440918,1577800.0
145,13.243318557739258,14.40999984741211,14.729999542236328,14.40999984741211,14.720000267028809,2757500.0
146,13.537410736083984,14.729999542236328,14.880000114440918,14.399999618530273,14.420000076293945,2079700.0
147,13.43631649017334,14.619999885559082,14.779999732971191,14.40999984741211,14.609999656677246,2529100.0
148,13.647695541381836,14.850000381469727,14.899999618530273,14.600000381469727,14.6899995803833,2557200.0
149,13.656885147094727,14.859999656677246,14.979999542236328,14.739999771118164,14.880000114440918,2075000.0
150,13.895835876464844,15.119999885559082,15.220000267028809,14.819999694824219,14.920000076293945,1953400.0
151,14.01530933380127,15.25,15.319999694824219,15.010000228881836,15.119999885559082,2178900.0
152,13.978548049926758,15.210000038146973,15.460000038146973,14.979999542236328,15.25,2342700.0
153,14.079642295837402,15.319999694824219,15.600000381469727,15.100000381469727,15.180000305175781,2416400.0
154,13.978548049926758,15.210000038146973,15.380000114440918,15.109999656677246,15.350000381469727,2100900.0
155,14.24506950378418,15.5,15.569999694824219,15.199999809265137,15.270000457763672,1953400.0
156,14.171546936035156,15.420000076293945,15.5,15.1899995803833,15.460000038146973,2097600.0
157,13.987738609313965,15.220000267028809,15.5600004196167,15.220000267028809,15.539999961853027,1719700.0
158,14.08883285522461,15.329999923706055,15.350000381469727,14.989999771118164,15.170000076293945,1633300.0
159,14.566732406616211,15.850000381469727,15.979999542236328,15.350000381469727,15.399999618530273,3606900.0
160,15.154915809631348,16.489999771118164,16.56999969482422,15.829999923706055,16.0,5193200.0
161,15.605244636535645,16.979999542236328,17.270000457763672,16.510000228881836,16.540000915527344,6605600.0
162,15.403056144714355,16.760000228881836,17.209999084472656,16.6200008392334,16.979999542236328,3583500.0
163,15.210057258605957,16.549999237060547,16.84000015258789,16.200000762939453,16.760000228881836,4525600.0
164,13.51902961730957,14.710000038146973,16.5,14.550000190734863,16.469999313354492,14694900.0
165,12.894084930419922,14.029999732971191,14.75,14.0,14.710000038146973,6822000.0
166,12.976798057556152,14.119999885559082,14.300000190734863,13.75,14.140000343322754,4099600.0
167,12.48051929473877,13.579999923706055,13.989999771118164,13.520000457763672,13.989999771118164,3933400.0
168,12.19561767578125,13.270000457763672,13.630000114440918,13.180000305175781,13.609999656677246,3724000.0
169,12.912466049194336,14.050000190734863,14.100000381469727,13.079999923706055,13.170000076293945,5936000.0
170,14.943537712097168,16.260000228881836,16.530000686645508,13.960000038146973,13.970000267028809,17471600.0
171,14.833251953125,16.139999389648438,16.25,15.079999923706055,16.149999618530273,6777200.0
172,14.824061393737793,16.1299991607666,16.3799991607666,14.760000228881836,15.25,6795600.0
173,14.704587936401367,16.0,16.350000381469727,15.869999885559082,16.15999984741211,2727700.0
174,14.85163402557373,16.15999984741211,16.600000381469727,16.0,16.0,2791000.0
175,15.311152458190918,16.65999984741211,16.760000228881836,16.170000076293945,16.170000076293945,3395800.0
176,15.660386085510254,17.040000915527344,17.040000915527344,16.610000610351562,16.709999084472656,3689500.0
177,15.430627822875977,16.790000915527344,17.0,16.469999313354492,16.969999313354492,3005400.0
178,15.618690490722656,16.610000610351562,16.860000610351562,16.5,16.709999084472656,2232000.0
179,15.515254974365234,16.5,16.68000030517578,16.350000381469727,16.420000076293945,1786800.0
180,15.609288215637207,16.600000381469727,16.799999237060547,16.450000762939453,16.5,1798200.0
181,15.505852699279785,16.489999771118164,16.809999465942383,16.450000762939453,16.600000381469727,1604100.0
182,15.534062385559082,16.520000457763672,16.75,16.43000030517578,16.450000762939453,3040900.0
183,14.593744277954102,15.520000457763672,16.420000076293945,15.489999771118164,16.420000076293945,3577700.0
184,15.063902854919434,16.020000457763672,16.09000015258789,15.300000190734863,15.640000343322754,2062500.0
185,14.659565925598145,15.59000015258789,16.139999389648438,15.539999961853027,16.139999389648438,1901300.0
186,14.621953010559082,15.550000190734863,15.75,15.430000305175781,15.680000305175781,2024200.0
187,14.358664512634277,15.270000457763672,15.850000381469727,15.1899995803833,15.539999961853027,2525800.0
188,14.368066787719727,15.279999732971191,15.539999961853027,14.979999542236328,15.279999732971191,4059800.0
189,13.982536315917969,14.869999885559082,15.3100004196167,14.84000015258789,15.170000076293945,2878200.0
190,14.029552459716797,14.920000076293945,15.170000076293945,14.75,15.0,2013600.0
191,13.93552017211914,14.819999694824219,15.119999885559082,14.720000267028809,14.970000267028809,1521600.0
192,13.803876876831055,14.680000305175781,14.930000305175781,14.579999923706055,14.829999923706055,2323700.0
193,14.08597183227539,14.979999542236328,15.1899995803833,14.65999984741211,14.710000038146973,2260100.0
194,13.879101753234863,14.760000228881836,15.449999809265137,14.699999809265137,14.930000305175781,2405700.0
195,13.944924354553223,14.829999923706055,15.170000076293945,14.8100004196167,14.8100004196167,1962600.0
196,13.785069465637207,14.65999984741211,15.100000381469727,14.649999618530273,14.789999961853027,2096000.0
197,13.916714668273926,14.800000190734863,15.149999618530273,14.699999809265137,14.899999618530273,1927600.0
198,13.991939544677734,14.880000114440918,15.069999694824219,14.779999732971191,14.8100004196167,1500100.0
199,14.377470016479492,15.289999961853027,15.300000190734863,14.779999732971191,14.970000267028809,2040200.0
200,14.405678749084473,15.319999694824219,15.479999542236328,14.779999732971191,15.289999961853027,1997900.0
201,14.1611967086792,15.0600004196167,15.420000076293945,14.899999618530273,15.300000190734863,1478600.0
202,13.85089111328125,14.729999542236328,15.0,14.470000267028809,14.869999885559082,3106000.0
203,14.217616081237793,15.119999885559082,15.220000267028809,14.6899995803833,14.819999694824219,2305500.0
204,14.358664512634277,15.270000457763672,15.3100004196167,14.789999961853027,14.989999771118164,2395100.0
205,14.170599937438965,15.069999694824219,15.600000381469727,15.069999694824219,15.300000190734863,2241300.0
206,13.578198432922363,14.4399995803833,15.199999809265137,14.279999732971191,15.119999885559082,2274100.0
207,12.891766548156738,13.710000038146973,14.430000305175781,13.640000343322754,14.430000305175781,2511100.0
208,13.66282844543457,14.529999732971191,14.960000038146973,13.770000457763672,13.84000015258789,3168900.0
209,13.794472694396973,14.670000076293945,15.109999656677246,14.399999618530273,14.569999694824219,2094100.0
210,13.72865104675293,14.600000381469727,14.819999694824219,14.260000228881836,14.8100004196167,1738900.0
211,14.433890342712402,15.350000381469727,15.350000381469727,14.600000381469727,14.609999656677246,2754300.0
212,14.678372383117676,15.609999656677246,15.760000228881836,15.1899995803833,15.420000076293945,1665600.0
213,14.09537410736084,14.989999771118164,15.5600004196167,14.890000343322754,15.550000190734863,1803600.0
214,14.057761192321777,14.949999809265137,15.050000190734863,14.829999923706055,14.949999809265137,1896000.0
215,14.010746002197266,14.899999618530273,15.050000190734863,14.649999618530273,15.0,2044300.0
216,13.973133087158203,14.859999656677246,15.020000457763672,14.779999732971191,14.899999618530273,2139300.0
217,13.766263961791992,14.640000343322754,14.800000190734863,14.319999694824219,14.720000267028809,1671500.0
218,13.051621437072754,13.880000114440918,14.779999732971191,13.859999656677246,14.65999984741211,2400200.0
219,13.051621437072754,13.880000114440918,14.180000305175781,13.779999732971191,13.899999618530273,2308200.0
220,12.186527252197266,12.960000038146973,14.109999656677246,12.880000114440918,14.09000015258789,3436100.0
221,12.346382141113281,13.130000114440918,13.25,12.770000457763672,12.960000038146973,3029900.0
222,12.026674270629883,12.789999961853027,12.989999771118164,12.449999809265137,12.989999771118164,5716700.0
223,12.252350807189941,13.029999732971191,13.15999984741211,12.770000457763672,12.84000015258789,3450900.0
224,11.547111511230469,12.279999732971191,12.90999984741211,12.140000343322754,12.600000381469727,6034900.0
225,12.891766548156738,13.710000038146973,14.5,12.3100004196167,12.470000267028809,12480800.0
226,12.694300651550293,13.5,13.760000228881836,13.15999984741211,13.699999809265137,2691800.0
227,13.709844589233398,14.579999923706055,14.779999732971191,13.989999771118164,13.989999771118164,5903400.0
228,13.8414888381958,14.720000267028809,14.970000267028809,14.199999809265137,14.390000343322754,4384700.0
229,14.114181518554688,15.010000228881836,15.069999694824219,14.720000267028809,14.720000267028809,2643700.0
230,13.75685977935791,14.630000114440918,15.220000267028809,14.539999961853027,15.050000190734863,4209600.0
231,12.84475040435791,13.65999984741211,13.960000038146973,12.800000190734863,12.989999771118164,11906800.0
232,13.042218208312988,13.869999885559082,13.979999542236328,13.529999732971191,13.819999694824219,4021200.0
233,12.694300651550293,13.5,14.109999656677246,13.4399995803833,13.989999771118164,3733900.0
234,12.75071907043457,13.5600004196167,13.770000457763672,13.239999771118164,13.5,3197200.0
235,12.863557815551758,13.680000305175781,14.039999961853027,13.5,13.550000190734863,3402600.0
236,12.795854568481445,13.229999542236328,13.4399995803833,12.829999923706055,13.380000114440918,2793700.0
237,12.525042533874512,12.949999809265137,13.399999618530273,12.850000381469727,13.350000381469727,2338200.0
238,12.795854568481445,13.229999542236328,13.529999732971191,12.979999542236328,13.0600004196167,1817800.0
239,12.370293617248535,12.789999961853027,13.359999656677246,12.670000076293945,13.239999771118164,2436600.0
240,12.341278076171875,12.760000228881836,13.0,12.6899995803833,12.6899995803833,1663700.0
241,12.23488712310791,12.649999618530273,13.100000381469727,12.550000190734863,12.65999984741211,2255700.0
242,12.312261581420898,12.729999542236328,13.029999732971191,12.609999656677246,12.649999618530273,2594900.0
243,12.167184829711914,12.579999923706055,12.979999542236328,12.520000457763672,12.760000228881836,2425900.0
244,12.022107124328613,12.430000305175781,12.9399995803833,12.210000038146973,12.600000381469727,2671200.0
245,11.567529678344727,11.960000038146973,12.680000305175781,11.770000457763672,12.390000343322754,4423000.0
246,11.287046432495117,11.670000076293945,12.020000457763672,11.640000343322754,11.970000267028809,1328500.0
247,11.993090629577637,12.399999618530273,12.399999618530273,11.5600004196167,11.720000267028809,2404200.0
248,11.78031063079834,12.180000305175781,12.25,11.630000114440918,12.239999771118164,1834600.0
249,11.877028465270996,12.279999732971191,12.489999771118164,12.010000228881836,12.210000038146973,2026300.0
250,12.20587158203125,12.619999885559082,12.670000076293945,12.3100004196167,12.329999923706055,2790300.0
251,12.641104698181152,13.069999694824219,13.180000305175781,12.420000076293945,12.449999809265137,2124200.0
252,12.544386863708496,12.970000267028809,13.260000228881836,12.6899995803833,12.979999542236328,1750400.0
253,14.739895820617676,15.239999771118164,15.289999961853027,13.699999809265137,14.029999732971191,11915700.0
254,14.972020149230957,15.479999542236328,15.8100004196167,14.9399995803833,15.109999656677246,4718000.0
255,15.291192054748535,15.8100004196167,15.890000343322754,15.149999618530273,15.5,3443800.0
256,15.455612182617188,15.979999542236328,16.389999389648438,15.720000267028809,15.84000015258789,3554500.0
257,15.43626880645752,15.960000038146973,16.0,15.520000457763672,15.739999771118164,2904800.0
258,15.329878807067871,15.850000381469727,16.049999237060547,15.770000457763672,15.859999656677246,2419800.0
259,15.12677001953125,15.640000343322754,16.139999389648438,15.569999694824219,15.84000015258789,3610900.0
260,15.020379066467285,15.529999732971191,15.640000343322754,15.1899995803833,15.600000381469727,2228200.0
261,15.165457725524902,15.680000305175781,15.890000343322754,15.380000114440918,15.569999694824219,1992600.0
262,15.252504348754883,15.770000457763672,15.829999923706055,15.300000190734863,15.489999771118164,1743000.0
263,15.407254219055176,15.930000305175781,16.899999618530273,15.880000114440918,16.020000457763672,8547200.0
264,14.768912315368652,15.270000457763672,15.899999618530273,15.15999984741211,15.8100004196167,3188700.0
265,14.972020149230957,15.479999542236328,15.569999694824219,15.130000114440918,15.3100004196167,1837000.0
266,15.281519889831543,15.800000190734863,15.800000190734863,15.4399995803833,15.479999542236328,1282000.0
267,15.3782377243042,15.899999618530273,16.059999465942383,15.729999542236328,15.960000038146973,1915100.0
268,14.991364479064941,15.5,15.789999961853027,14.989999771118164,15.739999771118164,2984900.0
269,10.909844398498535,11.279999732971191,12.5,11.109999656677246,12.390000343322754,32870300.0
270,10.83246898651123,11.199999809265137,11.369999885559082,11.109999656677246,11.25,6151000.0
271,10.967875480651855,11.34000015258789,11.529999732971191,11.100000381469727,11.170000076293945,6049600.0
272,10.871156692504883,11.239999771118164,11.430000305175781,11.180000305175781,11.3100004196167,3477400.0
273,10.996891021728516,11.369999885559082,11.479999542236328,11.0,11.239999771118164,4271500.0
274,11.403108596801758,11.789999961853027,11.8100004196167,11.350000381469727,11.359999656677246,4271100.0
275,11.13229751586914,11.510000228881836,11.699999809265137,11.399999618530273,11.619999885559082,3479600.0
276,11.093609809875488,11.470000267028809,11.59000015258789,11.229999542236328,11.399999618530273,2021100.0
277,10.977547645568848,11.350000381469727,11.489999771118164,11.3100004196167,11.390000343322754,1801200.0
278,10.929187774658203,11.300000190734863,11.390000343322754,11.15999984741211,11.380000114440918,1918600.0
279,11.170984268188477,11.550000190734863,11.59000015258789,11.300000190734863,11.300000190734863,2678000.0
280,11.093609809875488,11.470000267028809,11.75,11.380000114440918,11.5600004196167,2132800.0
281,10.958203315734863,11.329999923706055,11.420000076293945,11.239999771118164,11.369999885559082,2468500.0
282,11.054922103881836,11.430000305175781,11.4399995803833,11.279999732971191,11.329999923706055,2211800.0
283,10.83246898651123,11.199999809265137,11.470000267028809,11.130000114440918,11.460000038146973,3305600.0
284,10.83246898651123,11.199999809265137,11.300000190734863,11.149999618530273,11.229999542236328,2960500.0
285,10.668047904968262,11.029999732971191,11.289999961853027,11.010000228881836,11.229999542236328,2489200.0
286,10.996891021728516,11.369999885559082,11.380000114440918,11.020000457763672,11.020000457763672,3249500.0
287,11.170984268188477,11.550000190734863,11.800000190734863,11.380000114440918,11.380000114440918,3594500.0
288,11.258030891418457,11.640000343322754,11.710000038146973,11.5,11.539999961853027,2158000.0
289,11.287046432495117,11.670000076293945,11.930000305175781,11.619999885559082,11.65999984741211,3397300.0
290,11.316061973571777,11.699999809265137,11.859999656677246,11.59000015258789,11.6899995803833,2820200.0
291,11.364420890808105,11.75,12.010000228881836,11.75,11.880000114440918,1901200.0
292,11.190327644348145,11.569999694824219,11.850000381469727,11.470000267028809,11.789999961853027,2228600.0
293,11.219344139099121,11.600000381469727,12.100000381469727,11.359999656677246,12.079999923706055,5537900.0
294,11.180656433105469,11.5600004196167,11.869999885559082,11.5600004196167,11.65999984741211,3312900.0
295,11.209671974182129,11.59000015258789,11.65999984741211,11.4399995803833,11.5600004196167,1811400.0
296,10.610017776489258,10.970000267028809,11.220000267028809,10.75,11.069999694824219,6171600.0
297,10.890501022338867,11.260000228881836,11.279999732971191,10.890000343322754,10.979999542236328,2703600.0
298,11.093609809875488,11.470000267028809,11.550000190734863,11.229999542236328,11.279999732971191,2164900.0
299,11.199999809265137,11.579999923706055,11.640000343322754,11.470000267028809,11.539999961853027,2191600.0
300,10.949999809265137,10.949999809265137,11.34000015258789,10.899999618530273,11.3100004196167,2839600.0
301,11.0600004196167,11.0600004196167,11.119999885559082,10.899999618530273,10.989999771118164,3537400.0
302,11.069999694824219,11.069999694824219,11.170000076293945,10.979999542236328,11.09000015258789,2451200.0
303,10.960000038146973,10.960000038146973,11.239999771118164,10.899999618530273,11.069999694824219,3089900.0
304,10.5,10.5,10.960000038146973,10.399999618530273,10.960000038146973,4103900.0
305,10.550000190734863,10.550000190734863,10.729999542236328,10.350000381469727,10.470000267028809,3205300.0
306,10.449999809265137,10.449999809265137,10.65999984741211,10.4399995803833,10.649999618530273,3289000.0
307,10.140000343322754,10.140000343322754,10.489999771118164,10.069999694824219,10.460000038146973,4486200.0
308,10.350000381469727,10.350000381469727,10.4399995803833,10.09000015258789,10.109999656677246,3535100.0
309,10.289999961853027,10.289999961853027,10.539999961853027,10.25,10.369999885559082,2606200.0
310,10.1899995803833,10.1899995803833,10.489999771118164,10.069999694824219,10.359999656677246,3122300.0
311,10.15999984741211,10.15999984741211,10.359999656677246,10.149999618530273,10.210000038146973,2919000.0
312,10.369999885559082,10.369999885559082,10.420000076293945,10.039999961853027,10.289999961853027,4415700.0
313,10.100000381469727,10.100000381469727,10.40999984741211,10.09000015258789,10.369999885559082,8670200.0
314,9.630000114440918,9.630000114440918,10.029999732971191,8.819999694824219,8.859999656677246,26597900.0
315,10.029999732971191,10.029999732971191,10.0600004196167,9.649999618530273,9.739999771118164,7917800.0
316,9.859999656677246,9.859999656677246,10.010000228881836,9.789999961853027,9.960000038146973,5743600.0
317,9.9399995803833,9.9399995803833,10.079999923706055,9.729999542236328,9.789999961853027,4551000.0
318,9.819999694824219,9.819999694824219,10.0,9.8100004196167,9.850000381469727,2978500.0
319,9.970000267028809,9.970000267028809,10.010000228881836,9.880000114440918,9.880000114440918,2807200.0
320,9.760000228881836,9.760000228881836,9.979999542236328,9.739999771118164,9.979999542236328,2545200.0
321,9.319999694824219,9.319999694824219,9.829999923706055,9.289999961853027,9.789999961853027,4778500.0
322,8.9399995803833,8.9399995803833,9.350000381469727,8.8100004196167,9.270000457763672,5527400.0
323,9.079999923706055,9.079999923706055,9.149999618530273,8.949999809265137,9.0,4720000.0
324,8.9399995803833,8.9399995803833,9.119999885559082,8.75,9.109999656677246,3921100.0
325,8.770000457763672,8.770000457763672,9.029999732971191,8.739999771118164,8.859999656677246,3814200.0
326,8.649999618530273,8.649999618530273,8.819999694824219,8.529999732971191,8.75,6278700.0
327,8.890000343322754,8.890000343322754,8.970000267028809,8.640000343322754,8.640000343322754,4452300.0
328,9.010000228881836,9.010000228881836,9.0600004196167,8.890000343322754,8.899999618530273,4106100.0
329,8.949999809265137,8.949999809265137,9.0,8.720000267028809,8.989999771118164,2627000.0
330,8.890000343322754,8.890000343322754,9.029999732971191,8.880000114440918,8.930000305175781,2306800.0
331,8.760000228881836,8.760000228881836,8.899999618530273,8.710000038146973,8.890000343322754,2548100.0
332,8.649999618530273,8.649999618530273,8.850000381469727,8.649999618530273,8.800000190734863,3207700.0
333,8.510000228881836,8.510000228881836,8.789999961853027,8.470000267028809,8.65999984741211,3538900.0
334,8.770000457763672,8.770000457763672,8.829999923706055,8.510000228881836,8.510000228881836,3116900.0
335,8.970000267028809,8.970000267028809,8.989999771118164,8.770000457763672,8.8100004196167,2179600.0
336,8.850000381469727,8.850000381469727,8.920000076293945,8.65999984741211,8.850000381469727,2406200.0
337,8.770000457763672,8.770000457763672,8.920000076293945,8.6899995803833,8.770000457763672,2591600.0
338,8.6899995803833,8.6899995803833,8.850000381469727,8.649999618530273,8.75,2062400.0
339,8.520000457763672,8.520000457763672,8.649999618530273,8.479999542236328,8.600000381469727,2339500.0
340,8.479999542236328,8.479999542236328,8.579999923706055,8.359999656677246,8.520000457763672,2301500.0
341,8.260000228881836,8.260000228881836,8.369999885559082,8.170000076293945,8.329999923706055,3043200.0
342,8.529999732971191,8.529999732971191,8.550000190734863,8.239999771118164,8.319999694824219,2612900.0
343,8.6899995803833,8.6899995803833,8.710000038146973,8.4399995803833,8.4399995803833,2253500.0
344,8.670000076293945,8.670000076293945,8.84000015258789,8.640000343322754,8.739999771118164,1751000.0
345,8.609999656677246,8.609999656677246,8.779999732971191,8.539999961853027,8.539999961853027,1967300.0
346,8.0600004196167,8.0600004196167,8.520000457763672,7.980000019073486,8.460000038146973,5043600.0
347,8.130000114440918,8.130000114440918,8.140000343322754,7.889999866485596,8.069999694824219,5697100.0
348,7.900000095367432,7.900000095367432,8.079999923706055,7.760000228881836,8.069999694824219,4516100.0
349,7.699999809265137,7.699999809265137,7.860000133514404,7.670000076293945,7.840000152587891,3919500.0
350,7.820000171661377,7.820000171661377,7.860000133514404,7.710000038146973,7.710000038146973,2542100.0
351,7.739999771118164,7.739999771118164,7.989999771118164,7.739999771118164,7.849999904632568,2732800.0
352,7.570000171661377,7.570000171661377,7.75,7.389999866485596,7.730000019073486,4127700.0
353,7.599999904632568,7.599999904632568,7.699999809265137,7.53000020980835,7.570000171661377,2695200.0
354,7.579999923706055,7.579999923706055,7.659999847412109,7.320000171661377,7.46999979019165,3983100.0
355,7.46999979019165,7.46999979019165,7.650000095367432,7.420000076293945,7.579999923706055,5229100.0
356,7.820000171661377,7.820000171661377,7.849999904632568,7.519999980926514,7.579999923706055,10430100.0
357,5.039999961853027,5.039999961853027,5.590000152587891,4.710000038146973,5.489999771118164,39354200.0
358,5.130000114440918,5.130000114440918,5.130000114440918,4.840000152587891,4.980000019073486,13558000.0
359,5.019999980926514,5.019999980926514,5.230000019073486,4.989999771118164,5.130000114440918,10591300.0
360,5.440000057220459,5.440000057220459,5.550000190734863,5.289999961853027,5.369999885559082,18926500.0
361,5.71999979019165,5.71999979019165,5.849999904632568,5.489999771118164,5.53000020980835,13423800.0
362,5.5,5.5,5.800000190734863,5.5,5.679999828338623,4914300.0
363,5.699999809265137,5.699999809265137,5.730000019073486,5.489999771118164,5.550000190734863,5840800.0
364,5.630000114440918,5.630000114440918,5.829999923706055,5.610000133514404,5.699999809265137,5304600.0
365,5.699999809265137,5.699999809265137,5.809999942779541,5.599999904632568,5.630000114440918,3686500.0
366,5.730000019073486,5.730000019073486,5.829999923706055,5.670000076293945,5.710000038146973,4070400.0
367,5.630000114440918,5.630000114440918,5.75,5.610000133514404,5.75,2973300.0
368,5.53000020980835,5.53000020980835,5.690000057220459,5.519999980926514,5.659999847412109,3933800.0
369,5.420000076293945,5.420000076293945,5.519999980926514,5.309999942779541,5.519999980926514,8954300.0
370,5.369999885559082,5.369999885559082,5.46999979019165,5.28000020980835,5.409999847412109,4823300.0
371,5.449999809265137,5.449999809265137,5.53000020980835,5.320000171661377,5.340000152587891,3085400.0
372,5.46999979019165,5.46999979019165,5.519999980926514,5.380000114440918,5.46999979019165,3551800.0
373,5.539999961853027,5.539999961853027,5.590000152587891,5.429999828338623,5.460000038146973,3756000.0
374,5.46999979019165,5.46999979019165,5.579999923706055,5.440000057220459,5.53000020980835,3896400.0
375,5.360000133514404,5.360000133514404,5.570000171661377,5.340000152587891,5.53000020980835,4310800.0
376,5.380000114440918,5.380000114440918,5.449999809265137,5.320000171661377,5.349999904632568,5643500.0
377,5.309999942779541,5.309999942779541,5.429999828338623,5.269999980926514,5.409999847412109,2562100.0
378,5.519999980926514,5.519999980926514,5.639999866485596,5.269999980926514,5.300000190734863,12894600.0
379,5.449999809265137,5.449999809265137,5.53000020980835,5.420000076293945,5.5,6592700.0
380,5.309999942779541,5.309999942779541,5.550000190734863,5.28000020980835,5.480000019073486,11721900.0
381,5.179999828338623,5.179999828338623,5.369999885559082,5.170000076293945,5.349999904632568,10853300.0
382,4.840000152587891,4.840000152587891,5.010000228881836,4.730000019073486,4.980000019073486,16778200.0
383,4.909999847412109,4.909999847412109,4.929999828338623,4.809999942779541,4.860000133514404,4392200.0
384,4.75,4.75,4.889999866485596,4.75,4.869999885559082,3068400.0
385,4.630000114440918,4.630000114440918,4.809999942779541,4.630000114440918,4.760000228881836,5970000.0
386,4.380000114440918,4.380000114440918,4.639999866485596,4.329999923706055,4.630000114440918,7643100.0
387,4.199999809265137,4.199999809265137,4.420000076293945,4.119999885559082,4.389999866485596,8585700.0
388,4.320000171661377,4.320000171661377,4.420000076293945,4.21999979019165,4.21999979019165,10946500.0
389,4.139999866485596,4.139999866485596,4.400000095367432,4.119999885559082,4.329999923706055,5488700.0
390,4.090000152587891,4.090000152587891,4.199999809265137,3.9800000190734863,4.150000095367432,7703500.0
391,4.079999923706055,4.079999923706055,4.199999809265137,4.050000190734863,4.079999923706055,6020600.0
392,3.9800000190734863,3.9800000190734863,4.320000171661377,3.9700000286102295,4.099999904632568,5790000.0
393,4.010000228881836,4.010000228881836,4.079999923706055,3.9600000381469727,4.0,3209000.0
394,4.119999885559082,4.119999885559082,4.159999847412109,4.019999980926514,4.019999980926514,4327100.0
395,4.03000020980835,4.03000020980835,4.130000114440918,3.9000000953674316,4.099999904632568,5271400.0
396,4.019999980926514,4.019999980926514,4.179999828338623,4.0,4.03000020980835,5208900.0
397,3.8399999141693115,3.8399999141693115,4.059999942779541,3.7799999713897705,4.019999980926514,5596500.0
398,3.7799999713897705,3.7799999713897705,3.890000104904175,3.75,3.8299999237060547,3594700.0
399,3.7100000381469727,3.7100000381469727,3.75,3.5799999237060547,3.7200000286102295,5681800.0
400,3.809999942779541,3.809999942779541,3.819999933242798,3.630000114440918,3.7300000190734863,5157400.0
401,3.809999942779541,3.809999942779541,3.8499999046325684,3.6600000858306885,3.740000009536743,5856100.0
402,3.890000104904175,3.890000104904175,3.9100000858306885,3.7699999809265137,3.8399999141693115,2306700.0
403,3.5899999141693115,3.5899999141693115,3.859999895095825,3.5899999141693115,3.8299999237060547,3079400.0
404,3.509999990463257,3.509999990463257,3.619999885559082,3.440000057220459,3.5799999237060547,2677600.0
405,3.4700000286102295,3.4700000286102295,3.759999990463257,3.4700000286102295,3.4800000190734863,4504500.0
406,3.319999933242798,3.319999933242798,3.4200000762939453,3.190000057220459,3.390000104904175,6081900.0
407,3.2100000381469727,3.2100000381469727,3.4100000858306885,3.1500000953674316,3.319999933242798,5888400.0
408,3.319999933242798,3.319999933242798,3.359999895095825,3.2100000381469727,3.25,3130700.0
409,3.380000114440918,3.380000114440918,3.4700000286102295,3.3399999141693115,3.369999885559082,2887500.0
410,3.4200000762939453,3.4200000762939453,3.4600000381469727,3.2799999713897705,3.3499999046325684,4260000.0
411,3.5399999618530273,3.5399999618530273,3.619999885559082,3.440000057220459,3.5,5910900.0
412,3.869999885559082,3.869999885559082,4.25,3.7200000286102295,3.9700000286102295,29177300.0
413,3.6500000953674316,3.6500000953674316,3.9000000953674316,3.559999942779541,3.8399999141693115,8660900.0
414,3.819999933242798,3.819999933242798,4.039999961853027,3.6500000953674316,3.7200000286102295,10319400.0
415,3.700000047683716,3.700000047683716,3.930000066757202,3.680000066757202,3.869999885559082,5701000.0
416,3.880000114440918,3.880000114440918,3.9700000286102295,3.6700000762939453,3.700000047683716,6439200.0
417,4.230000019073486,4.230000019073486,4.289999961853027,3.75,3.930000066757202,13363500.0
418,3.9700000286102295,3.9700000286102295,4.360000133514404,3.9200000762939453,4.260000228881836,10634600.0
419,3.809999942779541,3.809999942779541,4.070000171661377,3.6600000858306885,3.9700000286102295,9044400.0
420,3.9800000190734863,3.9800000190734863,4.0,3.8499999046325684,3.880000114440918,4227100.0
421,4.230000019073486,4.230000019073486,4.239999771118164,4.070000171661377,4.079999923706055,6892000.0
422,4.309999942779541,4.309999942779541,4.360000133514404,4.139999866485596,4.239999771118164,6701500.0
423,4.760000228881836,4.760000228881836,4.920000076293945,4.349999904632568,4.349999904632568,14578800.0
424,5.090000152587891,5.090000152587891,5.099999904632568,4.510000228881836,4.869999885559082,16659200.0
425,4.590000152587891,4.590000152587891,4.949999809265137,3.9700000286102295,4.190000057220459,34005000.0
426,4.579999923706055,4.579999923706055,4.809999942779541,4.429999828338623,4.599999904632568,8908700.0
427,4.409999847412109,4.409999847412109,4.769999980926514,4.369999885559082,4.619999885559082,7662200.0
428,4.349999904632568,4.349999904632568,4.46999979019165,4.269999980926514,4.300000190734863,6761300.0
429,4.329999923706055,4.329999923706055,4.340000152587891,4.130000114440918,4.300000190734863,6406000.0
430,4.599999904632568,4.599999904632568,4.690000057220459,4.329999923706055,4.329999923706055,9796200.0
431,4.440000057220459,4.440000057220459,4.670000076293945,4.420000076293945,4.639999866485596,7860300.0
432,4.699999809265137,4.699999809265137,4.800000190734863,4.5,4.590000152587891,11603800.0
433,5.019999980926514,5.019999980926514,5.199999809265137,4.610000133514404,4.679999828338623,12474000.0
434,5.010000228881836,5.010000228881836,5.5,4.980000019073486,5.139999866485596,13097900.0
435,5.199999809265137,5.199999809265137,5.550000190734863,5.079999923706055,5.090000152587891,12164300.0
436,5.28000020980835,5.28000020980835,5.340000152587891,5.079999923706055,5.190000057220459,6080900.0
437,5.340000152587891,5.340000152587891,5.449999809265137,5.21999979019165,5.25,5548500.0
438,5.519999980926514,5.519999980926514,5.639999866485596,5.400000095367432,5.429999828338623,8919800.0
439,5.579999923706055,5.579999923706055,5.820000171661377,5.489999771118164,5.639999866485596,6592400.0
440,5.320000171661377,5.320000171661377,5.550000190734863,5.239999771118164,5.550000190734863,8154900.0
441,5.420000076293945,5.420000076293945,5.480000019073486,5.230000019073486,5.300000190734863,4346700.0
442,5.550000190734863,5.550000190734863,5.559999942779541,5.369999885559082,5.429999828338623,4213100.0
443,5.489999771118164,5.489999771118164,5.579999923706055,5.409999847412109,5.480000019073486,4154800.0
444,5.230000019073486,5.230000019073486,5.440000057220459,5.159999847412109,5.429999828338623,4823100.0
445,4.989999771118164,4.989999771118164,5.300000190734863,4.960000038146973,5.25,5809600.0
446,5.050000190734863,5.050000190734863,5.150000095367432,4.960000038146973,5.019999980926514,5228000.0
447,5.369999885559082,5.369999885559082,5.489999771118164,5.139999866485596,5.139999866485596,5909200.0
448,5.579999923706055,5.579999923706055,5.590000152587891,5.21999979019165,5.320000171661377,5273900.0
449,5.610000133514404,5.610000133514404,5.909999847412109,5.590000152587891,5.599999904632568,6350900.0
450,5.880000114440918,5.880000114440918,5.909999847412109,5.579999923706055,5.579999923706055,3868700.0
451,6.03000020980835,6.03000020980835,6.050000190734863,5.800000190734863,5.889999866485596,3606600.0
452,5.940000057220459,5.940000057220459,6.050000190734863,5.769999980926514,6.03000020980835,3197100.0
453,5.929999828338623,5.929999828338623,6.159999847412109,5.820000171661377,5.980000019073486,3611600.0
454,6.389999866485596,6.389999866485596,6.440000057220459,5.929999828338623,5.929999828338623,4174500.0
455,6.429999828338623,6.429999828338623,6.619999885559082,6.230000019073486,6.329999923706055,4071400.0
456,6.420000076293945,6.420000076293945,6.550000190734863,6.03000020980835,6.5,4268200.0
457,6.349999904632568,6.349999904632568,6.429999828338623,6.25,6.320000171661377,2645400.0
458,6.190000057220459,6.190000057220459,6.489999771118164,6.170000076293945,6.380000114440918,2854700.0
459,5.809999942779541,5.809999942779541,6.25,5.789999961853027,6.210000038146973,3918800.0
460,5.730000019073486,5.730000019073486,5.829999923706055,5.519999980926514,5.760000228881836,3739500.0
461,5.440000057220459,5.440000057220459,5.690000057220459,5.309999942779541,5.630000114440918,4358600.0
462,5.840000152587891,5.840000152587891,6.0,5.429999828338623,5.449999809265137,5210400.0
463,5.849999904632568,5.849999904632568,6.019999980926514,5.769999980926514,5.900000095367432,3670000.0
464,5.909999847412109,5.909999847412109,6.199999809265137,5.860000133514404,5.880000114440918,3374100.0
465,6.090000152587891,6.090000152587891,6.190000057220459,5.820000171661377,5.900000095367432,4128300.0
466,6.21999979019165,6.21999979019165,6.320000171661377,6.039999961853027,6.179999828338623,3129300.0
467,6.090000152587891,6.090000152587891,6.28000020980835,6.050000190734863,6.170000076293945,1968700.0
468,6.019999980926514,6.019999980926514,6.090000152587891,5.769999980926514,6.050000190734863,3109400.0
469,5.920000076293945,5.920000076293945,6.070000171661377,5.869999885559082,6.03000020980835,1834500.0
470,5.940000057220459,5.940000057220459,5.96999979019165,5.809999942779541,5.909999847412109,1533600.0
471,5.980000019073486,5.980000019073486,6.110000133514404,5.900000095367432,5.949999809265137,1708700.0
472,5.880000114440918,5.880000114440918,6.010000228881836,5.849999904632568,6.0,2165900.0
473,5.619999885559082,5.619999885559082,5.849999904632568,5.610000133514404,5.849999904632568,2995900.0
474,5.5,5.5,5.659999847412109,5.449999809265137,5.570000171661377,3360500.0
475,5.460000038146973,5.460000038146973,5.539999961853027,5.360000133514404,5.539999961853027,2666700.0
476,5.5,5.5,5.579999923706055,5.349999904632568,5.460000038146973,2784000.0
477,5.659999847412109,5.659999847412109,5.849999904632568,5.5,5.590000152587891,3493100.0
478,6.03000020980835,6.03000020980835,6.059999942779541,5.630000114440918,5.670000076293945,2744900.0
479,6.099999904632568,6.099999904632568,6.260000228881836,6.010000228881836,6.03000020980835,2648700.0
480,6.349999904632568,6.349999904632568,6.389999866485596,6.019999980926514,6.099999904632568,3030000.0
481,6.340000152587891,6.340000152587891,6.389999866485596,6.239999771118164,6.329999923706055,1369000.0
482,6.170000076293945,6.170000076293945,6.460000038146973,6.090000152587891,6.349999904632568,2060600.0
483,6.119999885559082,6.119999885559082,6.179999828338623,5.929999828338623,6.039999961853027,2214900.0
484,6.429999828338623,6.429999828338623,6.489999771118164,6.119999885559082,6.170000076293945,2872400.0
485,6.400000095367432,6.400000095367432,6.519999980926514,6.239999771118164,6.320000171661377,4381400.0
486,6.679999828338623,6.679999828338623,6.679999828338623,6.389999866485596,6.389999866485596,4757300.0
487,6.329999923706055,6.329999923706055,6.920000076293945,6.190000057220459,6.650000095367432,6250600.0
488,6.510000228881836,6.510000228881836,6.539999961853027,6.119999885559082,6.289999961853027,9594900.0
489,5.53000020980835,5.53000020980835,5.809999942779541,5.179999828338623,5.25,19517800.0
490,5.579999923706055,5.579999923706055,5.710000038146973,5.409999847412109,5.460000038146973,6387300.0
491,5.449999809265137,5.449999809265137,5.619999885559082,5.239999771118164,5.46999979019165,5439000.0
492,5.5,5.5,5.590000152587891,5.389999866485596,5.389999866485596,4406900.0
493,6.059999942779541,6.059999942779541,6.079999923706055,5.489999771118164,5.5,4141400.0
494,6.159999847412109,6.159999847412109,6.269999980926514,5.929999828338623,6.059999942779541,5264100.0
495,6.059999942779541,6.059999942779541,6.239999771118164,6.03000020980835,6.210000038146973,4452000.0
496,5.989999771118164,5.989999771118164,6.21999979019165,5.960000038146973,6.059999942779541,5484600.0
497,5.610000133514404,5.610000133514404,6.070000171661377,5.539999961853027,6.050000190734863,6282700.0
498,5.440000057220459,5.440000057220459,5.670000076293945,5.440000057220459,5.650000095367432,3395500.0
499,5.400000095367432,5.400000095367432,5.510000228881836,5.25,5.46999979019165,4264400.0
500,5.900000095367432,5.900000095367432,5.980000019073486,5.389999866485596,5.420000076293945,11041300.0
501,6.130000114440918,6.130000114440918,6.25,5.760000228881836,5.880000114440918,4482100.0
502,6.079999923706055,6.079999923706055,6.389999866485596,5.989999771118164,6.079999923706055,4322600.0
503,6.309999942779541,6.309999942779541,6.46999979019165,6.070000171661377,6.139999866485596,4453600.0
504,5.880000114440918,5.880000114440918,6.25,5.840000152587891,6.210000038146973,3543900.0
505,5.849999904632568,5.849999904632568,5.909999847412109,5.599999904632568,5.800000190734863,3394800.0
506,5.519999980926514,5.519999980926514,5.829999923706055,5.440000057220459,5.769999980926514,5228000.0
507,5.71999979019165,5.71999979019165,5.849999904632568,5.409999847412109,5.489999771118164,5629400.0
508,5.550000190734863,5.550000190734863,5.820000171661377,5.480000019073486,5.820000171661377,2643000.0
509,5.429999828338623,5.429999828338623,5.599999904632568,5.380000114440918,5.559999942779541,2781400.0
510,5.429999828338623,5.429999828338623,5.610000133514404,5.329999923706055,5.429999828338623,3625200.0
511,4.710000038146973,4.710000038146973,5.0,4.53000020980835,4.78000020980835,12561900.0
512,4.610000133514404,4.610000133514404,4.730000019073486,4.550000190734863,4.659999847412109,4981100.0
513,4.619999885559082,4.619999885559082,4.710000038146973,4.519999980926514,4.610000133514404,4287100.0
514,4.75,4.75,4.75,4.510000228881836,4.579999923706055,4019500.0
515,4.590000152587891,4.590000152587891,4.75,4.550000190734863,4.75,3532100.0
516,4.559999942779541,4.559999942779541,4.639999866485596,4.460000038146973,4.550000190734863,2627500.0
517,4.619999885559082,4.619999885559082,4.639999866485596,4.460000038146973,4.550000190734863,1880200.0
518,4.320000171661377,4.320000171661377,4.639999866485596,4.25,4.639999866485596,4163600.0
519,4.28000020980835,4.28000020980835,4.349999904632568,4.159999847412109,4.199999809265137,2122500.0
520,4.210000038146973,4.210000038146973,4.300000190734863,4.179999828338623,4.300000190734863,2144900.0
521,4.130000114440918,4.130000114440918,4.320000171661377,4.130000114440918,4.21999979019165,1552600.0
522,3.930000066757202,3.930000066757202,4.119999885559082,3.880000114440918,4.099999904632568,3006500.0
523,3.8399999141693115,3.8399999141693115,3.940000057220459,3.8299999237060547,3.9100000858306885,2891700.0
524,3.950000047683716,3.950000047683716,3.9800000190734863,3.8499999046325684,3.880000114440918,2026200.0
525,4.070000171661377,4.070000171661377,4.25,3.9700000286102295,4.03000020980835,3563100.0
526,4.179999828338623,4.179999828338623,4.409999847412109,4.139999866485596,4.150000095367432,2641700.0
527,4.139999866485596,4.139999866485596,4.300000190734863,4.139999866485596,4.199999809265137,1510300.0
528,3.809999942779541,3.809999942779541,4.130000114440918,3.7699999809265137,4.110000133514404,2742300.0
529,3.940000057220459,3.940000057220459,4.099999904632568,3.740000009536743,3.8499999046325684,2777000.0
530,4.019999980926514,4.019999980926514,4.239999771118164,3.950000047683716,3.9800000190734863,3415000.0
531,4.190000057220459,4.190000057220459,4.510000228881836,4.070000171661377,4.130000114440918,4820600.0
532,4.110000133514404,4.110000133514404,4.260000228881836,4.070000171661377,4.119999885559082,2081700.0
533,4.019999980926514,4.019999980926514,4.190000057220459,4.019999980926514,4.110000133514404,1582700.0
534,4.059999942779541,4.059999942779541,4.079999923706055,3.9600000381469727,4.010000228881836,1467600.0
535,4.150000095367432,4.150000095367432,4.269999980926514,3.9200000762939453,4.059999942779541,2593100.0
536,4.139999866485596,4.139999866485596,4.300000190734863,4.110000133514404,4.159999847412109,1562300.0
537,4.039999961853027,4.039999961853027,4.179999828338623,3.990000009536743,4.119999885559082,1695700.0
538,3.700000047683716,3.700000047683716,3.930000066757202,3.700000047683716,3.9000000953674316,3566300.0
539,3.559999942779541,3.559999942779541,3.7899999618530273,3.549999952316284,3.7699999809265137,4447900.0
540,3.390000104904175,3.390000104904175,3.619999885559082,3.359999895095825,3.5799999237060547,4724800.0
541,3.4700000286102295,3.4700000286102295,3.630000114440918,3.180000066757202,3.2300000190734863,3879500.0
542,3.5999999046325684,3.5999999046325684,3.7200000286102295,3.3399999141693115,3.3399999141693115,4692200.0
543,3.8299999237060547,3.8299999237060547,3.8499999046325684,3.390000104904175,3.5999999046325684,3208400.0
544,3.630000114440918,3.630000114440918,3.890000104904175,3.5,3.880000114440918,4282500.0
545,3.7699999809265137,3.7699999809265137,3.8299999237060547,3.4600000381469727,3.7100000381469727,4257600.0
546,3.9600000381469727,3.9600000381469727,3.990000009536743,3.5899999141693115,3.700000047683716,3599400.0
547,3.9200000762939453,3.9200000762939453,4.070000171661377,3.759999990463257,3.8399999141693115,2096800.0
548,3.700000047683716,3.700000047683716,3.9700000286102295,3.5,3.5899999141693115,2732000.0
549,4.230000019073486,4.230000019073486,4.260000228881836,3.799999952316284,3.940000057220459,4863200.0
550,4.139999866485596,4.139999866485596,4.25,4.0,4.139999866485596,4414100.0
551,3.9800000190734863,3.9800000190734863,4.039999961853027,3.4800000190734863,3.700000047683716,5123400.0
552,4.590000152587891,4.590000152587891,4.650000095367432,3.8499999046325684,4.130000114440918,5787200.0
553,4.369999885559082,4.369999885559082,4.570000171661377,3.9000000953674316,3.930000066757202,4866700.0
554,4.230000019073486,4.230000019073486,4.650000095367432,4.110000133514404,4.400000095367432,3562200.0
555,3.7699999809265137,3.7699999809265137,4.25,3.5,4.099999904632568,3651700.0
556,4.190000057220459,4.190000057220459,4.199999809265137,3.549999952316284,3.7100000381469727,5039500.0
557,3.759999990463257,3.759999990463257,4.079999923706055,3.6500000953674316,4.079999923706055,7722200.0
558,3.809999942779541,3.809999942779541,3.859999895095825,3.5,3.5799999237060547,6009800.0
559,4.159999847412109,4.159999847412109,4.210000038146973,3.890000104904175,3.950000047683716,6805600.0
560,4.170000076293945,4.170000076293945,4.489999771118164,4.039999961853027,4.150000095367432,3592100.0
561,4.409999847412109,4.409999847412109,4.710000038146973,4.239999771118164,4.239999771118164,6185700.0
562,4.21999979019165,4.21999979019165,5.090000152587891,4.150000095367432,4.940000057220459,7024800.0
563,3.6500000953674316,3.6500000953674316,4.269999980926514,3.6500000953674316,4.21999979019165,3350600.0
564,3.5,3.5,3.799999952316284,3.5,3.630000114440918,2300900.0
565,3.25,3.25,3.490000009536743,3.119999885559082,3.450000047683716,4568700.0
566,2.8499999046325684,2.8499999046325684,3.3499999046325684,2.8499999046325684,3.259999990463257,4064300.0
567,2.799999952316284,2.799999952316284,2.940000057220459,2.569999933242798,2.8499999046325684,3830400.0
568,3.0899999141693115,3.0899999141693115,3.200000047683716,2.8299999237060547,2.859999895095825,3340500.0
569,3.2699999809265137,3.2699999809265137,3.440000057220459,3.0999999046325684,3.390000104904175,2836900.0
570,3.4100000858306885,3.4100000858306885,3.6700000762939453,3.200000047683716,3.2300000190734863,2884500.0
571,3.890000104904175,3.890000104904175,4.25,3.490000009536743,3.5999999046325684,5908600.0
572,4.739999771118164,4.739999771118164,4.760000228881836,4.159999847412109,4.25,6844500.0
573,5.949999809265137,5.949999809265137,6.46999979019165,5.139999866485596,5.210000038146973,13506600.0
574,5.269999980926514,5.269999980926514,5.670000076293945,4.900000095367432,5.659999847412109,7499900.0
575,5.03000020980835,5.03000020980835,5.440000057220459,4.880000114440918,5.119999885559082,3371900.0
576,4.880000114440918,4.880000114440918,5.28000020980835,4.429999828338623,5.21999979019165,5653200.0
577,5.610000133514404,5.610000133514404,5.900000095367432,4.78000020980835,4.849999904632568,6085000.0
578,4.78000020980835,4.78000020980835,5.300000190734863,4.760000228881836,5.230000019073486,4142100.0
579,4.889999866485596,4.889999866485596,5.170000076293945,4.829999923706055,5.139999866485596,2677800.0
580,4.699999809265137,4.699999809265137,4.889999866485596,4.579999923706055,4.75,2265900.0
581,4.769999980926514,4.769999980926514,4.849999904632568,4.659999847412109,4.78000020980835,2236200.0
582,5.820000171661377,5.820000171661377,5.989999771118164,4.809999942779541,4.849999904632568,7275100.0
583,5.639999866485596,5.639999866485596,6.039999961853027,5.059999942779541,5.920000076293945,5200200.0
584,6.039999961853027,6.039999961853027,6.090000152587891,5.449999809265137,5.829999923706055,3369600.0
585,5.730000019073486,5.730000019073486,5.980000019073486,5.639999866485596,5.869999885559082,2173300.0
586,6.050000190734863,6.050000190734863,6.179999828338623,5.449999809265137,5.650000095367432,4005600.0
587,5.480000019073486,5.480000019073486,5.929999828338623,5.400000095367432,5.840000152587891,4068100.0
588,5.389999866485596,5.389999866485596,5.630000114440918,5.349999904632568,5.550000190734863,2105900.0
589,4.929999828338623,4.929999828338623,5.400000095367432,4.900000095367432,5.400000095367432,3369600.0
590,4.869999885559082,4.869999885559082,4.929999828338623,4.650000095367432,4.829999923706055,2500800.0
591,4.980000019073486,4.980000019073486,5.190000057220459,4.820000171661377,4.880000114440918,2353700.0
592,4.760000228881836,4.760000228881836,4.960000038146973,4.75,4.920000076293945,1699200.0
593,4.539999961853027,4.539999961853027,4.920000076293945,4.460000038146973,4.78000020980835,2639200.0
594,4.210000038146973,4.210000038146973,4.539999961853027,4.070000171661377,4.539999961853027,2882900.0
595,4.130000114440918,4.130000114440918,4.190000057220459,3.9600000381469727,4.150000095367432,2004900.0
596,4.21999979019165,4.21999979019165,4.449999809265137,4.039999961853027,4.050000190734863,1940600.0
597,4.579999923706055,4.579999923706055,4.630000114440918,4.360000133514404,4.400000095367432,2371700.0
598,4.440000057220459,4.440000057220459,4.75,4.369999885559082,4.579999923706055,1840700.0
599,4.429999828338623,4.429999828338623,4.690000057220459,4.340000152587891,4.5,2543600.0
600,4.440000057220459,4.440000057220459,4.650000095367432,4.400000095367432,4.449999809265137,1971900.0
601,4.179999828338623,4.179999828338623,4.489999771118164,4.130000114440918,4.460000038146973,2379900.0
602,4.420000076293945,4.420000076293945,4.610000133514404,4.329999923706055,4.340000152587891,3545700.0
603,4.690000057220459,4.690000057220459,4.710000038146973,4.360000133514404,4.570000171661377,3146600.0
604,4.329999923706055,4.329999923706055,4.760000228881836,4.300000190734863,4.75,2183900.0
605,4.059999942779541,4.059999942779541,4.420000076293945,4.050000190734863,4.329999923706055,3973500.0
606,4.130000114440918,4.130000114440918,4.360000133514404,4.019999980926514,4.119999885559082,2611600.0
607,4.179999828338623,4.179999828338623,4.309999942779541,4.059999942779541,4.269999980926514,2369400.0
608,4.440000057220459,4.440000057220459,4.519999980926514,4.199999809265137,4.239999771118164,3037400.0
609,4.46999979019165,4.46999979019165,4.71999979019165,4.369999885559082,4.440000057220459,3514300.0
610,4.139999866485596,4.139999866485596,4.409999847412109,4.090000152587891,4.289999961853027,6274400.0
611,5.010000228881836,5.010000228881836,5.139999866485596,4.269999980926514,4.28000020980835,10133700.0
612,4.960000038146973,4.960000038146973,5.0,4.550000190734863,5.0,8073400.0
613,5.070000171661377,5.070000171661377,5.53000020980835,4.679999828338623,4.78000020980835,10606400.0
614,4.369999885559082,4.369999885559082,4.900000095367432,4.179999828338623,4.639999866485596,6236000.0
615,4.71999979019165,4.71999979019165,4.78000020980835,4.389999866485596,4.599999904632568,4378200.0
616,4.690000057220459,4.690000057220459,4.769999980926514,4.420000076293945,4.5,3909000.0
617,4.639999866485596,4.639999866485596,4.949999809265137,4.510000228881836,4.949999809265137,3121300.0
618,4.760000228881836,4.760000228881836,4.829999923706055,4.53000020980835,4.539999961853027,3593500.0
619,4.949999809265137,4.949999809265137,4.949999809265137,4.650000095367432,4.670000076293945,3423800.0
620,4.880000114440918,4.880000114440918,5.079999923706055,4.690000057220459,4.949999809265137,7366600.0
621,4.869999885559082,4.869999885559082,4.949999809265137,4.71999979019165,4.789999961853027,3178900.0
622,4.829999923706055,4.829999923706055,4.989999771118164,4.800000190734863,4.949999809265137,3205400.0
623,4.409999847412109,4.409999847412109,4.840000152587891,4.380000114440918,4.829999923706055,2976200.0
624,4.460000038146973,4.460000038146973,4.539999961853027,4.300000190734863,4.329999923706055,2450800.0
625,4.349999904632568,4.349999904632568,4.5,4.269999980926514,4.480000019073486,3801200.0
626,4.380000114440918,4.380000114440918,4.519999980926514,4.300000190734863,4.349999904632568,2131200.0
627,4.340000152587891,4.340000152587891,4.510000228881836,4.199999809265137,4.329999923706055,3889000.0
628,4.440000057220459,4.440000057220459,4.5,4.309999942779541,4.309999942779541,2303700.0
629,4.289999961853027,4.289999961853027,4.510000228881836,4.289999961853027,4.489999771118164,1887600.0
630,4.239999771118164,4.239999771118164,4.340000152587891,4.190000057220459,4.309999942779541,2140900.0
631,4.090000152587891,4.090000152587891,4.25,4.059999942779541,4.199999809265137,2456600.0
632,4.260000228881836,4.260000228881836,4.289999961853027,4.03000020980835,4.099999904632568,2052800.0
633,4.210000038146973,4.210000038146973,4.320000171661377,4.130000114440918,4.269999980926514,1992600.0
634,4.340000152587891,4.340000152587891,4.380000114440918,4.179999828338623,4.199999809265137,1410800.0
635,4.260000228881836,4.260000228881836,4.550000190734863,4.260000228881836,4.349999904632568,4216200.0
636,4.079999923706055,4.079999923706055,4.309999942779541,4.070000171661377,4.21999979019165,2261600.0
637,4.190000057220459,4.190000057220459,4.289999961853027,4.130000114440918,4.130000114440918,1474100.0
638,4.170000076293945,4.170000076293945,4.199999809265137,4.090000152587891,4.190000057220459,1330100.0
639,3.9600000381469727,3.9600000381469727,4.230000019073486,3.940000057220459,4.159999847412109,3065900.0
640,3.8499999046325684,3.8499999046325684,4.059999942779541,3.7699999809265137,3.950000047683716,3401100.0
641,4.010000228881836,4.010000228881836,4.090000152587891,3.880000114440918,3.9000000953674316,3341000.0
642,4.110000133514404,4.110000133514404,4.119999885559082,3.9200000762939453,4.019999980926514,2523500.0
643,4.110000133514404,4.110000133514404,4.309999942779541,4.059999942779541,4.090000152587891,3237200.0
644,4.03000020980835,4.03000020980835,4.230000019073486,4.010000228881836,4.059999942779541,2215900.0
645,4.010000228881836,4.010000228881836,4.119999885559082,3.950000047683716,4.019999980926514,2472700.0
646,3.940000057220459,3.940000057220459,4.050000190734863,3.9200000762939453,3.9600000381469727,4555400.0
647,4.059999942779541,4.059999942779541,4.179999828338623,3.9200000762939453,3.940000057220459,2879600.0
648,4.099999904632568,4.099999904632568,4.230000019073486,3.9700000286102295,4.0,2398500.0
649,4.010000228881836,4.010000228881836,4.159999847412109,3.990000009536743,4.059999942779541,1879400.0
650,4.150000095367432,4.150000095367432,4.25,4.0,4.03000020980835,2517600.0
651,4.429999828338623,4.429999828338623,4.739999771118164,4.130000114440918,4.130000114440918,10361400.0
652,4.630000114440918,4.630000114440918,4.760000228881836,4.25,4.5,4925700.0
653,4.429999828338623,4.429999828338623,4.659999847412109,4.380000114440918,4.599999904632568,1901200.0
654,4.159999847412109,4.159999847412109,4.400000095367432,4.059999942779541,4.389999866485596,3341100.0
655,4.329999923706055,4.329999923706055,4.570000171661377,4.179999828338623,4.199999809265137,4561800.0
656,4.349999904632568,4.349999904632568,4.570000171661377,4.340000152587891,4.429999828338623,3138800.0
657,4.519999980926514,4.519999980926514,4.630000114440918,4.360000133514404,4.400000095367432,3057600.0
658,4.639999866485596,4.639999866485596,4.710000038146973,4.5,4.519999980926514,2128300.0
659,4.75,4.75,4.829999923706055,4.550000190734863,4.599999904632568,3474400.0
660,4.630000114440918,4.630000114440918,4.78000020980835,4.559999942779541,4.78000020980835,2371000.0
661,4.809999942779541,4.809999942779541,4.869999885559082,4.429999828338623,4.610000133514404,3834400.0
662,4.71999979019165,4.71999979019165,4.840000152587891,4.639999866485596,4.800000190734863,2612600.0
663,4.610000133514404,4.610000133514404,4.679999828338623,4.510000228881836,4.619999885559082,2441200.0
664,5.03000020980835,5.03000020980835,5.599999904632568,4.599999904632568,4.599999904632568,10642600.0
665,4.869999885559082,4.869999885559082,5.130000114440918,4.559999942779541,5.099999904632568,4585400.0
666,4.980000019073486,4.980000019073486,5.25,4.880000114440918,4.880000114440918,2998700.0
667,5.110000133514404,5.110000133514404,5.21999979019165,4.920000076293945,4.96999979019165,2779700.0
668,5.25,5.25,5.380000114440918,5.019999980926514,5.110000133514404,3384400.0
669,5.389999866485596,5.389999866485596,5.570000171661377,5.21999979019165,5.300000190734863,4236900.0
670,6.679999828338623,6.679999828338623,7.150000095367432,5.690000057220459,5.769999980926514,37976000.0
671,7.650000095367432,7.650000095367432,7.820000171661377,6.769999980926514,7.300000190734863,23211000.0
672,7.710000038146973,7.710000038146973,8.050000190734863,7.110000133514404,7.800000190734863,13011100.0
673,7.820000171661377,7.820000171661377,8.449999809265137,7.239999771118164,7.880000114440918,14344500.0
674,7.650000095367432,7.650000095367432,7.920000076293945,7.170000076293945,7.78000020980835,7662000.0
675,7.699999809265137,7.699999809265137,8.279999732971191,7.480000019073486,7.550000190734863,9816600.0
676,7.349999904632568,7.349999904632568,7.989999771118164,7.309999942779541,7.960000038146973,9068100.0
677,6.230000019073486,6.230000019073486,6.949999809265137,6.190000057220459,6.650000095367432,15558300.0
678,6.090000152587891,6.090000152587891,6.329999923706055,5.869999885559082,6.260000228881836,6061200.0
679,6.909999847412109,6.909999847412109,7.0,6.429999828338623,6.800000190734863,10119000.0
680,7.090000152587891,7.090000152587891,7.260000228881836,6.690000057220459,6.860000133514404,5743500.0
681,8.680000305175781,8.680000305175781,9.039999961853027,7.03000020980835,7.03000020980835,19256300.0
682,9.199999809265137,9.199999809265137,9.770000457763672,8.40999984741211,8.569999694824219,17026700.0
683,9.470000267028809,9.470000267028809,9.770000457763672,8.90999984741211,9.199999809265137,17407500.0
684,8.75,8.75,9.600000381469727,8.380000114440918,9.350000381469727,7639800.0
685,10.5600004196167,10.5600004196167,11.170000076293945,9.899999618530273,10.449999809265137,34752500.0
686,10.039999961853027,10.039999961853027,10.859999656677246,9.920000076293945,10.600000381469727,10651200.0
687,9.140000343322754,9.140000343322754,9.8100004196167,9.010000228881836,9.710000038146973,7938800.0
688,10.020000457763672,10.020000457763672,10.180000305175781,9.100000381469727,9.1899995803833,7515200.0
689,10.09000015258789,10.09000015258789,10.260000228881836,9.550000190734863,10.15999984741211,6764300.0
690,10.350000381469727,10.350000381469727,10.649999618530273,9.930000305175781,10.0,5237600.0
691,10.199999809265137,10.199999809265137,10.760000228881836,10.0600004196167,10.25,6079000.0
692,9.770000457763672,9.770000457763672,10.25,9.6899995803833,10.09000015258789,4554100.0
693,9.390000343322754,9.390000343322754,9.779999732971191,9.300000190734863,9.380000114440918,4340500.0
694,9.460000038146973,9.460000038146973,9.59000015258789,9.25,9.4399995803833,2805000.0
695,9.130000114440918,9.130000114440918,9.84000015258789,9.100000381469727,9.5600004196167,4535400.0
696,9.359999656677246,9.359999656677246,9.5600004196167,9.170000076293945,9.229999542236328,3308600.0
697,13.489999771118164,13.489999771118164,13.640000343322754,9.1899995803833,9.539999961853027,76453600.0
698,12.020000457763672,12.020000457763672,14.800000190734863,11.899999618530273,12.829999923706055,77152800.0
699,11.800000190734863,11.800000190734863,12.770000457763672,11.399999618530273,11.65999984741211,23655700.0
700,11.880000114440918,11.880000114440918,12.420000076293945,11.649999618530273,11.729999542236328,10179700.0
701,12.25,12.25,12.680000305175781,12.050000190734863,12.670000076293945,10776800.0
702,13.829999923706055,13.829999923706055,15.100000381469727,11.989999771118164,11.989999771118164,39894800.0
703,13.3100004196167,13.3100004196167,13.899999618530273,13.079999923706055,13.770000457763672,11651600.0
704,13.90999984741211,13.90999984741211,14.5,13.380000114440918,13.4399995803833,13169100.0
705,13.859999656677246,13.859999656677246,14.140000343322754,13.670000076293945,14.029999732971191,6604000.0
706,14.100000381469727,14.100000381469727,14.420000076293945,13.800000190734863,13.899999618530273,5361900.0
707,14.90999984741211,14.90999984741211,15.869999885559082,14.1899995803833,14.199999809265137,16212200.0
708,15.0,15.0,15.380000114440918,14.550000190734863,15.050000190734863,6507300.0
709,13.449999809265137,13.449999809265137,15.449999809265137,13.260000228881836,14.930000305175781,13376300.0
710,12.6899995803833,12.6899995803833,13.710000038146973,12.359999656677246,13.710000038146973,7231000.0
711,11.819999694824219,11.819999694824219,13.050000190734863,11.779999732971191,12.270000457763672,6388600.0
712,11.729999542236328,11.729999542236328,12.25,11.680000305175781,11.880000114440918,4165800.0
713,10.470000267028809,10.470000267028809,11.640000343322754,10.359999656677246,11.640000343322754,11546900.0
714,10.75,10.75,11.09000015258789,10.5,10.819999694824219,5227000.0
715,11.569999694824219,11.569999694824219,11.859999656677246,10.630000114440918,10.75,7454500.0
716,10.90999984741211,10.90999984741211,11.770000457763672,10.609999656677246,11.760000228881836,5807900.0
717,11.449999809265137,11.449999809265137,11.84000015258789,11.0600004196167,11.270000457763672,4705200.0
718,11.859999656677246,11.859999656677246,12.170000076293945,11.319999694824219,11.520000457763672,5518200.0
719,11.489999771118164,11.489999771118164,12.930000305175781,11.25,12.760000228881836,6244900.0
720,11.100000381469727,11.100000381469727,11.65999984741211,10.829999923706055,11.5,3826000.0
721,11.75,11.75,11.949999809265137,11.210000038146973,11.5,4882600.0
722,11.130000114440918,11.130000114440918,11.869999885559082,10.970000267028809,11.739999771118164,4353300.0
723,11.010000228881836,11.010000228881836,11.550000190734863,11.0,11.359999656677246,3535900.0
724,12.0600004196167,12.0600004196167,12.65999984741211,10.720000267028809,11.15999984741211,9774800.0
725,11.630000114440918,11.630000114440918,11.920000076293945,11.229999542236328,11.649999618530273,6678200.0
726,11.569999694824219,11.569999694824219,12.039999961853027,11.5600004196167,11.800000190734863,3169200.0
727,12.460000038146973,12.460000038146973,12.789999961853027,11.449999809265137,11.600000381469727,11787600.0
728,12.710000038146973,12.710000038146973,13.460000038146973,12.539999961853027,12.550000190734863,8395400.0
729,13.899999618530273,13.899999618530273,14.119999885559082,12.670000076293945,12.899999618530273,9599100.0
730,13.670000076293945,13.670000076293945,14.260000228881836,13.300000190734863,14.229999542236328,7183200.0
731,14.75,14.75,15.25,13.420000076293945,13.600000381469727,8860100.0
732,16.079999923706055,16.079999923706055,16.739999771118164,14.880000114440918,15.289999961853027,12504200.0
733,16.559999465942383,16.559999465942383,19.420000076293945,16.559999465942383,18.170000076293945,31983500.0
734,15.800000190734863,15.800000190734863,17.399999618530273,15.760000228881836,17.110000610351562,12666000.0
735,16.579999923706055,16.579999923706055,16.68000030517578,15.380000114440918,15.699999809265137,7883400.0
736,16.1200008392334,16.1200008392334,16.639999389648438,15.869999885559082,16.479999542236328,6295000.0
737,16.899999618530273,16.899999618530273,17.290000915527344,16.260000228881836,16.299999237060547,8972700.0
738,16.350000381469727,16.350000381469727,17.5,16.219999313354492,17.0,7386300.0
739,16.940000534057617,16.940000534057617,17.209999084472656,15.930000305175781,16.3700008392334,16120200.0
740,13.65999984741211,13.65999984741211,14.729999542236328,13.229999542236328,13.920000076293945,24357900.0
741,14.119999885559082,14.119999885559082,14.40999984741211,13.050000190734863,13.119999885559082,7558900.0
742,13.3100004196167,13.3100004196167,14.0,13.020000457763672,13.90999984741211,7496900.0
743,12.720000267028809,12.720000267028809,13.430000305175781,12.140000343322754,13.34000015258789,10007100.0
744,13.850000381469727,13.850000381469727,14.020000457763672,12.479999542236328,12.779999732971191,8192900.0
745,13.850000381469727,13.850000381469727,14.3100004196167,13.579999923706055,13.960000038146973,5865100.0
746,14.829999923706055,14.829999923706055,14.979999542236328,13.59000015258789,13.960000038146973,8194900.0
747,15.630000114440918,15.630000114440918,16.299999237060547,15.180000305175781,15.779999732971191,16618800.0
748,15.529999732971191,15.529999732971191,16.350000381469727,15.279999732971191,15.8100004196167,9876100.0
749,19.459999084472656,19.459999084472656,20.040000915527344,16.149999618530273,16.219999313354492,30652700.0
750,20.56999969482422,20.56999969482422,22.350000381469727,19.1299991607666,20.170000076293945,25830300.0
751,20.149999618530273,20.149999618530273,21.479999542236328,19.950000762939453,21.010000228881836,6262200.0
752,20.989999771118164,20.989999771118164,21.969999313354492,20.350000381469727,21.309999465942383,8965900.0
753,19.3799991607666,19.3799991607666,21.06999969482422,18.559999465942383,20.81999969482422,9241400.0
754,19.260000228881836,19.260000228881836,20.0,18.850000381469727,19.3799991607666,5934400.0
755,18.84000015258789,18.84000015258789,19.799999237060547,18.799999237060547,19.25,6922700.0
756,17.25,17.25,19.100000381469727,17.149999618530273,19.0,10022500.0
757,17.3700008392334,17.3700008392334,18.079999923706055,17.229999542236328,17.350000381469727,4961500.0
758,18.360000610351562,18.360000610351562,18.979999542236328,17.329999923706055,17.34000015258789,6056200.0
759,18.079999923706055,18.079999923706055,19.450000762939453,18.020000457763672,18.469999313354492,6129300.0
760,17.690000534057617,17.690000534057617,18.299999237060547,17.079999923706055,18.18000030517578,6482000.0
761,19.940000534057617,19.940000534057617,20.649999618530273,19.010000228881836,19.40999984741211,14927600.0
762,19.950000762939453,19.950000762939453,20.399999618530273,19.31999969482422,19.959999084472656,7060700.0
763,31.399999618530273,31.399999618530273,38.650001525878906,20.030000686645508,20.420000076293945,144501700.0
764,39.90999984741211,39.90999984741211,43.060001373291016,33.04999923706055,38.09000015258789,93717400.0
765,35.5,35.5,40.75,34.0099983215332,38.4900016784668,46866400.0
766,39.36000061035156,39.36000061035156,45.52000045776367,36.63999938964844,41.54999923706055,74721900.0
767,39.119998931884766,39.119998931884766,41.189998626708984,36.060001373291016,37.369998931884766,33471800.0
768,43.029998779296875,43.029998779296875,44.75,37.0,39.22999954223633,57079800.0
769,65.01000213623047,65.01000213623047,76.76000213623047,42.31999969482422,42.59000015258789,197157900.0
770,76.79000091552734,76.79000091552734,159.17999267578125,61.130001068115234,96.7300033569336,177874000.0
771,147.97999572753906,147.97999572753906,150.0,80.19999694824219,88.55999755859375,178588000.0
772,347.510009765625,347.510009765625,380.0,249.0,354.8299865722656,93396700.0
773,193.60000610351562,193.60000610351562,483.0,112.25,265.0,58815800.0
774,325.0,325.0,413.9800109863281,250.0,379.7099914550781,50259200.0
775,225.0,225.0,322.0,212.0,316.55999755859375,37382200.0
776,90.0,90.0,158.0,74.22000122070312,140.75999450683594,78183100.0
777,92.41000366210938,92.41000366210938,113.4000015258789,85.25,112.01000213623047,42698500.0
778,53.5,53.5,91.5,53.33000183105469,91.19000244140625,62427300.0
779,63.77000045776367,63.77000045776367,95.0,51.09000015258789,54.040000915527344,80886300.0
780,60.0,60.0,72.66000366210938,58.02000045776367,72.41000366210938,25687300.0
781,50.310001373291016,50.310001373291016,57.0,46.52000045776367,56.61000061035156,26843100.0
782,51.20000076293945,51.20000076293945,62.83000183105469,46.54999923706055,50.77000045776367,36455000.0
783,51.099998474121094,51.099998474121094,55.31999969482422,48.220001220703125,50.0099983215332,12997400.0
784,52.400001525878906,52.400001525878906,55.2400016784668,48.04999923706055,50.75,14498000.0
785,49.5099983215332,49.5099983215332,53.5,49.040000915527344,52.65999984741211,8175000.0
786,45.939998626708984,45.939998626708984,51.189998626708984,44.560001373291016,49.77000045776367,9186800.0
787,40.689998626708984,40.689998626708984,48.869998931884766,40.650001525878906,48.4900016784668,23990600.0
788,40.59000015258789,40.59000015258789,43.88999938964844,38.5,41.279998779296875,14828200.0
789,46.0,46.0,48.5099983215332,42.400001525878906,46.689998626708984,19476000.0
790,44.970001220703125,44.970001220703125,46.22999954223633,40.0,44.970001220703125,7565200.0
791,91.70999908447266,91.70999908447266,91.70999908447266,44.70000076293945,44.70000076293945,83111700.0
792,108.7300033569336,108.7300033569336,184.67999267578125,101.0,169.55999755859375,150308800.0
793,101.73999786376953,101.73999786376953,142.89999389648438,86.0,117.45999908447266,91963000.0
794,120.4000015258789,120.4000015258789,133.99000549316406,99.97000122070312,104.54000091552734,49597300.0
795,118.18000030517578,118.18000030517578,133.1999969482422,112.19999694824219,116.93000030517578,33640400.0
796,124.18000030517578,124.18000030517578,127.75,113.12000274658203,122.51000213623047,19173700.0
797,132.35000610351562,132.35000610351562,147.8699951171875,115.30000305175781,125.0,32473600.0
798,137.74000549316406,137.74000549316406,151.52999877929688,127.5,128.1699981689453,30660200.0
799,194.5,194.5,210.8699951171875,146.10000610351562,154.88999938964844,63424800.0
800,246.89999389648438,246.89999389648438,249.85000610351562,208.50999450683594,217.7100067138672,38725800.0
801,265.0,265.0,348.5,172.0,269.42999267578125,71361900.0
802,260.0,260.0,281.5,232.60000610351562,241.63999938964844,28186000.0
803,264.5,264.5,295.5,262.2699890136719,275.0,25760700.0
804,220.13999938964844,220.13999938964844,283.0,206.0,277.5199890136719,24100400.0
805,208.1699981689453,208.1699981689453,220.6999969482422,172.35000610351562,203.16000366210938,35241900.0
806,209.80999755859375,209.80999755859375,231.47000122070312,204.0,217.83999633789062,16259300.0
807,201.75,201.75,218.8800048828125,195.64999389648438,214.0,11764900.0
808,200.27000427246094,200.27000427246094,227.0,182.66000366210938,195.72999572753906,24552100.0
809,194.49000549316406,194.49000549316406,210.36000061035156,186.1999969482422,205.25999450683594,10061500.0
810,181.75,181.75,201.75,177.5500030517578,197.5,14429100.0
811,120.33999633789062,120.33999633789062,166.97000122070312,118.62000274658203,157.97999572753906,24177900.0
812,183.75,183.75,187.5,116.9000015258789,123.48999786376953,50962300.0
813,181.0,181.0,218.92999267578125,163.25999450683594,197.67999267578125,37371900.0
814,181.3000030517578,181.3000030517578,193.9199981689453,173.50999450683594,180.75,10042200.0
815,194.4600067138672,194.4600067138672,204.3000030517578,182.0,187.5,17094900.0
816,189.82000732421875,189.82000732421875,199.4600067138672,187.11000061035156,197.5,8393800.0
817,191.4499969482422,191.4499969482422,196.97000122070312,183.60000610351562,193.36000061035156,9334300.0
818,186.9499969482422,186.9499969482422,195.0,164.80999755859375,171.0,14070500.0
819,184.5,184.5,192.0,183.55999755859375,185.2100067138672,6218300.0
820,177.97000122070312,177.97000122070312,184.5,176.11000061035156,183.22000122070312,4768300.0
821,170.25999450683594,170.25999450683594,185.8800048828125,164.3000030517578,185.8800048828125,10047400.0
822,158.36000061035156,158.36000061035156,171.5800018310547,153.0,169.6999969482422,9442000.0
823,141.08999633789062,141.08999633789062,163.89999389648438,135.00999450683594,158.11000061035156,16683600.0
824,140.99000549316406,140.99000549316406,145.3800048828125,132.0,141.8800048828125,6806900.0
825,166.52999877929688,166.52999877929688,174.08999633789062,143.0,143.57000732421875,21138100.0
826,156.44000244140625,156.44000244140625,166.25,152.8000030517578,163.0,7856800.0
827,154.69000244140625,154.69000244140625,160.1999969482422,151.25,156.0,5139700.0
828,164.3699951171875,164.3699951171875,175.1999969482422,162.3300018310547,171.8000030517578,10520200.0
829,158.52999877929688,158.52999877929688,164.88999938964844,153.36000061035156,164.13999938964844,4647500.0
830,158.50999450683594,158.50999450683594,162.97999572753906,155.9199981689453,158.39999389648438,3770242.0
